Board,Category,Refs,Qty,Orderable MPN,Mfr,Quote USD,Ext USD,Source 1,P1,Source 2,P2,Source 3,P3,Notes
Amp,Output NPN,Q112 Q113 Q212 Q213 Q312 Q313,6,NJW0281G,onsemi,5.12,30.72,DigiKey,5.12,Mouser / Newark,3.06,Arrow,2.59,Authorized onsemi only. DigiKey also lists EVVO $4.57 and Inmark $6.50 clones — do not use those. LCSC $1.05 is Minos, same warning.
Amp,Output PNP,Q114 Q115 Q214 Q215 Q314 Q315,6,NJW0302G,onsemi,4.86,29.16,DigiKey,4.86,Mouser,4.04,Farnell,4.67,Complement of NJW0281G. Buy extras for bring-up (not in this qty).
Amp,Driver NPN,Q110 Q210 Q310,3,MJE15032G,onsemi,1.58,4.74,Mouser,1.35,DigiKey / Avnet,1.58,LCSC (onsemi),0.92,Heatsink mounted.
Amp,Driver PNP,Q111 Q211 Q311,3,MJE15033G,onsemi,1.50,4.50,Mouser,1.50,LCSC (onsemi),0.90,Newark,1.60,Heatsink mounted.
Amp,VAS / predriver NPN,Q105 Q108 Q107 Q205 Q208 Q207 Q305 Q308 Q307,9,"TTC004B,Q",Toshiba,1.10,9.90,DigiKey,1.10,Mouser,0.99,LCSC (Toshiba),0.68,TO-126N. Compensation is designed for this Cob. Q107/207/307 on heatsink.
Amp,VAS / predriver PNP,Q106 Q109 Q206 Q209 Q306 Q309,6,"TTA004B,Q",Toshiba,0.88,5.28,DigiKey,0.88,LCSC (Toshiba),0.73,Mouser,0.85,Complement of TTC004B.
Amp,LTP dual PNP,Q101 Q201 Q301,3,"BCM857BS,115",Nexperia,0.45,1.35,DigiKey,0.45,Mouser,0.42,LCSC (Nexperia),0.22,SOT-363 matched dual.
Amp,Mirror dual NPN,Q103 Q203 Q303,3,"BCM847BS,115",Nexperia,0.45,1.35,DigiKey,0.45,Mouser,0.42,LCSC (Nexperia),0.22,SOT-363 matched dual.
Amp,Tail PNP,Q102 Q202 Q302,3,"BC857C,215",Nexperia,0.10,0.30,DigiKey,0.10,Mouser,0.09,LCSC,0.03,SOT-23.
Amp,VAS enhancer NPN,Q104 Q204 Q304,3,"BC847C,215",Nexperia,0.10,0.30,DigiKey,0.10,Mouser,0.09,LCSC,0.03,SOT-23.
Amp,Bias clamp,D103 D203 D303,3,BZX84C5V1LT1G,onsemi,0.08,0.24,DigiKey,0.08,Mouser,0.07,LCSC (Nexperia BZX84-C5V1),0.03,SOT-23 5.1V.
Amp,LED Vref,D101 D102 D201 D202 D301 D302,6,LTST-C170CKT,Lite-On,0.14,0.84,DigiKey,0.14,Mouser,0.12,LCSC 0805 red,0.04,0805 red ~1.8 Vf. Colour is the spec — do not substitute.
Amp,Line receiver dual,U101,1,INA1650IPW,TI,6.00,6.00,DigiKey,6.00,Mouser,5.80,LCSC (TI),4.50,TSSOP-14. INA1650IPWR reel is cheaper (~$2.80) if you can use cut tape from a reel.
Amp,Line receiver single,U301,1,INA1651IPW,TI,4.80,4.80,DigiKey,4.80,Mouser,4.60,LCSC (TI),3.80,Same footprint as INA1650.
Amp,DC servo,U102 U202 U302,3,OPA1642AID,TI,2.83,8.49,Mouser,2.83,DigiKey,2.80,LCSC (TI),1.90,SOIC-8. OPA1642AIDR is $2.14 at Mouser if you prefer reel.
Amp,Protection comparators,U401 U402,2,LM339DR,TI / onsemi,0.45,0.90,DigiKey,0.45,Mouser,0.40,LCSC,0.12,SOIC-14.
Amp,+30V / +15V regulator,U403 U405,2,LM317TG,onsemi,0.80,1.60,DigiKey,0.80,Mouser,0.75,LCSC (ST LM317T),0.89,TO-220. ST LM317T-DG is $1.90 at DigiKey — the onsemi G suffix is the cheaper authorized buy.
Amp,-30V / -15V regulator,U404 U406,2,LM337TG,onsemi,1.20,2.40,DigiKey,1.20,Mouser,1.10,LCSC (ST LM337T),0.95,TO-220.
Amp,Precision 0805 0.1%,R101 R102 R108 R109 R110 R112 R113 R119 R138 R103 R106 R201… (39 total),39,TNPW0805xxxxBEEA,Vishay,0.60,23.40,DigiKey,0.60,Mouser,0.55,LCSC (Vishay / Panasonic ERA-6AEB),0.25,Values: 100R 220R 287R 68R 115R 2k2 1k 4k42. ERA-6AEB is the Panasonic equivalent. Includes R21=4k42 (design value; old BoM had 3k3).
Amp,Precision 1206 0.1% 0.5W,R137 R237 R337,3,TNPW12062K20BEEA,Vishay,0.85,2.55,DigiKey,0.85,Mouser,0.80,Farnell,0.90,Feedback upper leg.
Amp,Ballast 0.22R non-inductive,R131-R134 x3 ch,12,PWR221T-20-R220F,Bourns,3.80,45.60,DigiKey,3.80,Mouser,3.60,LCSC Caddock MP930-0.20-1%,2.60,TO-220 thick film; 0.1 µH max. Caddock MP930-0.20 is 0.20 Ω not 0.22 — electrically fine; do not use wirewound. Biggest passive cost on the board.
Amp,Zobel / L-damp 10R 3W,R135 R136 x3 ch,6,PWR221T-20-10R0F,Bourns,2.80,16.80,DigiKey,2.80,Mouser,2.60,Vishay PR03 10R (if specified non-inductive),1.80,Same TO-220 family as the ballasts so one heatsink clip style covers both.
Amp,General 0805/1206 1%,base stoppers driver loads bias LED servo protection,70,RC0805FR-07xxxxL / RC1206FR,Yageo,0.10,7.00,DigiKey,0.10,Mouser,0.10,LCSC,0.01,Includes 4R7 1206 stoppers (qty 12) which must not be omitted.
Amp,Zero-ohm link,C6 positions,3,RC0805JR-070RL,Yageo,0.08,0.24,DigiKey,0.08,Mouser,0.08,LCSC,0.01,Replace with 2u2 film only if the DSP has DC offset.
Amp,Gain trim 10k,RV101 RV201 RV301,3,3296W-1-103LF,Bourns,2.39,7.17,DigiKey,2.39,Mouser,2.39,Newark,3.12,25-turn cermet.
Amp,Bias trim 100R,RV102 RV202 RV302,3,3296W-1-101LF,Bourns,2.39,7.17,DigiKey,2.39,Mouser,2.39,Newark,3.12,Design is 100R not the 1k in the old BoM. 3296W-1-102LF is the wrong part.
Amp,Zobel / rail film 100n 100V,C113 C121 C122 x3 ch,9,MKS2D031001A00KI00,WIMA,0.85,7.65,DigiKey / Mouser,0.85,RS,0.90,LCSC (WIMA or Kemet R82),0.40,5 mm pitch. Film not ceramic.
Amp,Servo integrator 2u2 63V,C115 C215 C315,3,MKS4C042205C00KSSD,WIMA,2.40,7.20,DigiKey,2.40,Mouser,2.20,RS,2.60,15 mm pitch MKS4.
Amp,Main rail film bypass 1u 100V,C407-C410,4,MKS4C041005C00KSSD,WIMA,1.30,5.20,DigiKey,1.30,Mouser,1.20,synthcube / specialist,1.30,10 mm pitch.
Amp,Decoupling 100n 50V X7R,per channel + regulators,30,CL21B104KBCNNNC,Samsung,0.12,3.60,DigiKey,0.12,Mouser,0.10,LCSC,0.01,0805.
Amp,10u 25V X7R,C103 C105 x3 ch,6,CL21A106KAYNNNE,Samsung,0.35,2.10,DigiKey,0.35,Mouser,0.30,LCSC (Murata GRM21BR61E106),0.08,0805 line-receiver bulk.
Amp,10u 50V X7R,C123 C124 x3 ch,6,CL21A106KBFNNNE,Samsung,0.55,3.30,DigiKey,0.55,Mouser,0.50,LCSC,0.12,0805 front-end bulk. Confirm 50V rating — 25V is not enough on ±30V.
Amp,1u 50V X7R,C101 C201 C301,3,CL21B105KBFNNNE,Samsung,0.20,0.60,DigiKey,0.20,Mouser,0.18,LCSC,0.04,VMID bypass.
Amp,C0G 220p / 68p / 10p 100V,C107 C109 C114 x3 ch,9,C0805CxxxJ1GACTU,Kemet,0.28,2.52,DigiKey,0.28,Mouser,0.25,LCSC (Samsung CL21C),0.06,C0G mandatory.
Amp,220u 35V FR electrolytic,C119 C120 x3 ch,6,EEU-FR1V221L,Panasonic,0.55,3.30,Mouser,0.55,DigiKey,0.60,LCSC (Nichicon UPW),0.25,8 mm radial.
Amp,4700u 35V FR electrolytic,C401 C402,2,EEU-FR1V472L,Panasonic,3.50,7.00,DigiKey,3.50,Mouser,3.20,Newark,3.80,18 mm radial. Confirm diameter vs layout.
Amp,220u 63V FR,C403-C406,4,EEU-FR1J221L,Panasonic,0.80,3.20,DigiKey,0.80,Mouser,0.75,LCSC,0.35,Aux / regulator reservoirs.
Amp,Output inductor,L101 L201 L301,3,hand-wound 2u2,—,0.40,1.20,Temco 18 AWG magnet wire,0.40/ch,Remington,0.40,local,0.40,~2 m of 1.0 mm wire covers all three. Air core — no ferrite.
Amp,Output relay,K401 K402 K403,3,G4A-1A-PE DC12,Omron,8.21,24.63,Mouser,8.21,DigiKey,8.47,LCSC (Omron),2.20,G8P-1A4P is discontinued (2016). G4A is Omron's suggested replacement: 20 A SPST-NO 12 V. Footprint is NOT G8P. Midbass peak is 10.7 A so 20 A is enough; still consider two in parallel on ch3.
Amp,NTC,RT401,1,NTCLE100E3103JB0,Vishay,1.40,1.40,DigiKey,1.40,Mouser,1.30,LCSC,0.40,10k B3950 bead.
Amp,Thermal cutout 100C NC,S401,1,Cantherm F20B10005ACFA06,Cantherm,7.50,7.50,DigiKey,7.50,Mouser,7.00,Newark,8.00,Independent backup in the relay coil supply.
Amp,Panel LEDs,D401 D402 D403,3,WP710A10xxxx,Kingbright,0.25,0.75,DigiKey,0.25,Mouser,0.22,LCSC 3mm,0.05,green / amber / red.
Amp,Protection discretes,Q401-Q412 etc,24,"BC847C,215 / BC857C,215",Nexperia,0.10,2.40,DigiKey,0.10,Mouser,0.09,LCSC,0.03,See docs/04. Buy a 100-reel of each; leftover is cheap insurance.
Amp,Protection passives,—,40,RC0805 / CL21 mix,Yageo / Samsung,0.12,4.80,DigiKey,0.12,Mouser,0.10,LCSC,0.02,Includes 10u DC-sense integrators.
Amp,Input connectors,J401 J402 J403,3,TB003-500-02BE,CUI / Phoenix,1.80,5.40,DigiKey,1.80,Mouser,1.70,LCSC 3.5mm 2-pin,0.40,3.5 mm pitch screw.
Amp,Speaker terminals,J404 J405 J406,3,TB006-508-02BE,CUI,2.20,6.60,DigiKey,2.20,Mouser,2.00,LCSC 5.08mm 2-pin,0.50,>=10 A.
Amp,Rail entry,J407,1,TB007-762-03BE,CUI,3.50,3.50,DigiKey,3.50,Mouser,3.20,Phoenix MKDS 3,4.00,7.62 mm pitch. Not pin headers.
Amp,Control headers,J408 J409,2,0022232021,Molex,0.40,0.80,DigiKey,0.40,Mouser,0.35,LCSC 2.54 2-pin,0.05,remote / shutdown.
Amp,Alumina pads + M3,21 devices,21,Aavid 4180G or Bergquist SP900S-0.009,Boyd / Bergquist,0.85,17.85,DigiKey,0.85,Mouser,0.80,Wakefield,0.90,0.23 mm alumina. Silicone pads invalidate the thermal budget.
Amp,Standoffs + star stud,board + chassis bond,7,M3x10 hex + M4 stud,generic,0.40,2.80,McMaster,0.40,DigiKey,0.50,local hardware,0.30,—
Amp,PCB 4-layer 2oz outer,1 board,1,custom 4L 2/1/1/2 oz ENIG,JLCPCB,55.00,55.00,JLCPCB qty 5,55.00,PCBWay qty 5,75.00,OSH Park 4L (1 oz only — reject),—,~180×140 mm estimate. 2 oz outer is a paid upgrade. Price is per board in a 5-pc panel; qty 2 is closer to $80.
PSU,Primary MOSFET,Q20 Q21 Q22 Q23 Q24,5,IRFB4110PBF,Infineon,3.38,16.90,DigiKey,3.38,Mouser,3.20,LCSC (Infineon),2.10,TO-220 100 V 3.7 mΩ. Four push-pull + one ideal-diode pass.
PSU,Output rectifier,D20 D21,2,STPS40H100CW,ST,2.60,5.20,DigiKey,2.60,Mouser,2.40,LCSC (onsemi MBR40H100WTG),1.80,TO-247 dual 100 V. MBRB30H100CT is D2PAK if you prefer SMT.
PSU,Aux rectifier,D22 D23,2,MURS120T3G,onsemi,0.45,0.90,DigiKey,0.45,Mouser,0.40,LCSC,0.12,SMB 200 V 1 A ultrafast.
PSU,Load-dump TVS,D24,1,SMDJ30CA,Littelfuse,0.85,0.85,DigiKey,0.85,Mouser,0.80,LCSC,0.25,SMC bidirectional 30 V standoff.
PSU,B+ clamp,D25,1,SMCJ33A,Littelfuse,0.45,0.45,DigiKey,0.45,Mouser,0.40,LCSC,0.12,SMC unidirectional.
PSU,PWM controller,U10,1,SG3525ADWR2G,onsemi,1.09,1.09,DigiKey,1.09,Mouser,0.96,LCSC (onsemi),1.49,SOIC-16W. DIP SG3525AN is obsolete / NCNR at DigiKey. Same die; SYNC pin is why this part was chosen.
PSU,Gate driver,U11,1,UCC27524ADR,TI,1.85,1.85,DigiKey,1.85,Mouser,1.80,LCSC (TI),1.20,SOIC-8 5 A dual. MSOP UCC27524ADGN is $2.80.
PSU,Ideal diode ctrl,U12,1,LM74700QDRQ1,TI,2.71,2.71,DigiKey,2.71,Mouser,2.60,LCSC (TI),1.90,SOIC-8 automotive.
PSU,OC comparator,U13,1,LM393DR,TI / onsemi,0.40,0.40,DigiKey,0.40,Mouser,0.35,LCSC,0.08,SOIC-8.
PSU,Shunt 5 mΩ 3W 4-terminal,R60,1,CSS2H-2512R-L500F,Bourns,1.80,1.80,DigiKey,1.80,Mouser,1.70,Vishay WSLP,2.20,Kelvin current sense. 0.5 mΩ–5 mΩ in this family; pick 5 mΩ.
PSU,Gate resistors 4R7 1206,R61-R64,4,RC1206FR-074R7L,Yageo,0.12,0.48,DigiKey,0.12,Mouser,0.10,LCSC,0.01,One per MOSFET — never shared.
PSU,Snubber 10R 1W 2512,R65-R70,6,RC2512FK-0710RL,Yageo,0.35,2.10,DigiKey,0.35,Mouser,0.30,LCSC,0.08,Tune at bring-up.
PSU,Feedback 0.1% pair,R71 R72,2,TNPW0805xxxxBEEA,Vishay,0.60,1.20,DigiKey,0.60,Mouser,0.55,LCSC,0.25,Sets rail balance.
PSU,Control resistors,R73-R85,13,RC0805FR,Yageo,0.10,1.30,DigiKey,0.10,Mouser,0.10,LCSC,0.01,Rt dead-time compensation preloads.
PSU,Input bulk 4700u 25V,C30 C31,2,EEU-FR1E472L,Panasonic,2.80,5.60,DigiKey,2.80,Mouser,2.50,Nichicon UPW,2.40,18 mm. Adjacent to the MOSFETs.
PSU,Output bulk 4700u 35V,C38 C39,2,EEU-FR1V472L,Panasonic,3.50,7.00,DigiKey,3.50,Mouser,3.20,Newark,3.80,Same as amp-board main bulk — buy eight for two units.
PSU,2nd filter 1000u 35V,C40 C41,2,EEU-FR1V102L,Panasonic,1.20,2.40,DigiKey,1.20,Mouser,1.10,LCSC,0.45,12 mm radial.
PSU,Aux 220u 63V,C46 C47,2,EEU-FR1J221L,Panasonic,0.80,1.60,DigiKey,0.80,Mouser,0.75,LCSC,0.35,—
PSU,Input/output film 1u,C32 C33 C42 C43,4,MKS4C041005C00KSSD,WIMA,1.30,5.20,DigiKey,1.30,Mouser,1.20,RS,1.40,—
PSU,MOSFET ceramic 100n 100V 1206,C34-C37 C44 C45,6,CL31B104KCHNNNE,Samsung,0.18,1.08,DigiKey,0.18,Mouser,0.15,LCSC,0.03,100 V X7R at the drains.
PSU,Snubber C0G 2n2 100V 1206,C48-C53,6,C1206C222J1GACTU,Kemet,0.35,2.10,DigiKey,0.35,Mouser,0.30,LCSC Samsung C0G,0.08,C0G only.
PSU,Control ceramics,C54-C60,7,CL21 mix,Samsung,0.15,1.05,DigiKey,0.15,Mouser,0.12,LCSC,0.02,10u soft-start + 10n Ct C0G + 100n decouple.
PSU,ETD44 core pair 3C95,T1 core,1,ETD44/22/15-3C95,Ferroxcube,6.50,6.50,Newark / Farnell,6.50,DigiKey (when stocked),7.00,Elna / local magnetics,8.00,Two halves. TDK N87 ETD44 is the alternate.
PSU,ETD44 bobbin + clips,T1 hardware,1,CSH-ETD44-1S-10P + CLI-ETD44,Ferroxcube,3.50,3.50,Newark,3.50,Farnell,3.20,DigiKey CLI-ETD44,0.20 clip only,Horizontal 10-pin bobbin + clip set.
PSU,Cu foil + magnet wire,T1 winding,1,0.25×25 mm foil + 8×0.5 mm,generic,12.00,12.00,Temco / MWS,12.00,Remington,12.00,local,15.00,Foil primary + litz/bundle secondary. Budget assumes one rewind.
PSU,Coupled choke core,L20,1,0077439A7 Kool Mµ,Magnetics Inc,6.50,6.50,Magnetics Inc,6.50,Coilcraft equivalent,8.00,Micrometals T157-26,4.50,Plus ~$2 of wire. Sendust/Kool Mµ not powdered iron.
PSU,Aux chokes 2.2mH,L21 L22,2,11R223C,Murata,1.80,3.60,DigiKey,1.80,Mouser,1.70,LCSC radial 2.2mH,0.80,>=100 mA.
PSU,CM choke,L23,1,hand-wound FT-50A-J,Fair-Rite,2.50,2.50,DigiKey (core),1.20,Mouser,1.10,wire,1.30,2×15 turns 16 AWG on a ferrite toroid. Premade 25 µH 30 A CM chokes are ~$6 if you prefer not to wind.
PSU,2nd-stage 4.7uH 10A,L24 L25,2,SRP1770TA-4R7M,Bourns,2.40,4.80,DigiKey,2.40,Mouser,2.20,Coilcraft,3.00,Or two powdered-iron toroids hand-wound.
PSU,ATO fuse + holder,F10,1,0299030.ZXNV + 0FHM0002XP,Littelfuse,3.20,3.20,DigiKey,3.20,Mouser,3.00,LCSC,1.50,30 A blade + PCB/panel holder.
PSU,Power lugs in/out,J10 J11,2,a 4 AWG mechanical lug,Panduit / TE,4.00,8.00,DigiKey,4.00,Mouser,3.80,McMaster,3.50,Bolted. Plus 2.5 mm² busbar ~$3 of copper strip.
PSU,Aux / sync / shutdown,J12 J13 J14,3,0022232041 / 0022232021,Molex,0.50,1.50,DigiKey,0.50,Mouser,0.45,LCSC,0.08,—
PSU,Alumina pads + M3,7 devices,7,Aavid 4180G,Boyd,0.85,5.95,DigiKey,0.85,Mouser,0.80,Wakefield,0.90,MOSFETs and rectifiers.
PSU,Shield partition,1,1,2 mm Al plate ~150×80,local fab,8.00,8.00,local metal,8.00,OnlineMetals,10.00,McMaster,9.00,Bonded to chassis between PSU and amp.
PSU,PCB 4-layer 2oz outer,1 board,1,custom 4L 2/1/1/2 oz ENIG,JLCPCB,50.00,50.00,JLCPCB qty 5,50.00,PCBWay qty 5,70.00,OSH Park (reject 1 oz),—,~150×120 mm estimate. Same stackup as the amp board.
Unit,Chassis / heatsink,1 per unit,1,finned Al extrusion ~250×175×40,local machine shop,120.00,120.00,local fab,120.00,HeatsinkUSA / Wakefield,150.00,eBay extrusion,80.00,Not a PCB cost. Rth <= 1.09 °C/W natural convection. Quoted per unit not per board.
Unit,Wire / hardware leftover,1 per unit,1,16 AWG / 12 AWG / thermal compound,generic,15.00,15.00,McMaster,15.00,DigiKey,18.00,Amazon,12.00,Board-to-board rail cable must be short and fat.
